path,commons_file,author,license
Glyphs/algiz.svg,Runic letter algiz.svg,ClaesWallin,Public domain
Glyphs/pertho.svg,Runic letter pertho.svg,ClaesWallin,Public domain
Glyphs/dagaz.svg,Runic letter dagaz.svg,ClaesWallin,Public domain
Glyphs/gebo.svg,Runic letter gebo.svg,ClaesWallin,Public domain
Glyphs/sowilo.svg,Runic letter sowilo.svg,ClaesWallin,Public domain
Glyphs/laukaz.svg,Runic letter laukaz.svg,ClaesWallin,Public domain
Glyphs/iwaz.svg,Runic letter iwaz.svg,ClaesWallin,Public domain
Glyphs/jeran.svg,Runic letter jeran.svg,ClaesWallin,Public domain
Glyphs/uruz.svg,Runic letter uruz.svg,ClaesWallin,Public domain
Glyphs/raido.svg,Runic letter raido.svg,Alatius,Public domain
Glyphs/othalan.svg,Runic letter othalan.svg,ClaesWallin; Artem Karimov,Public domain
Glyphs/kauna.svg,Runic letter kauna.svg,ClaesWallin,Public domain
Glyphs/thurisaz.svg,Runic letter thurisaz.svg,ClaesWallin,Public domain
Glyphs/tiwaz.svg,Runic letter tiwaz.svg,ClaesWallin,Public domain
Glyphs/naudiz.svg,Runic letter naudiz.svg,ClaesWallin,Public domain
Glyphs/haglaz.svg,Runic letter haglaz.svg,ClaesWallin; Sarang,Public domain
Elements/fire.svg,Alchemical fire symbol.svg,Bryan Derksen,Public domain
Elements/water.svg,Alchemical water symbol.svg,Bryan Derksen,Public domain
Elements/wind.svg,Alchemical air symbol.svg,Bryan Derksen,Public domain
Elements/light.svg,Sun symbol.svg,Melian,Public domain
Elements/dark.svg,Last quarter moon symbol.svg,W559 (versão original),Public domain
Creatures/imp.svg,Imp - Lorc - game-icons.svg,Lorc,CC BY 3.0
Creatures/imp_awakened.svg,Imp-laugh - Lorc - game-icons.svg,Lorc,CC BY 3.0
Creatures/knight.svg,Visored-helm - Lorc - game-icons.svg,Lorc,CC BY 3.0
Creatures/knight_awakened.svg,Black-knight-helm - Delapouite - game-icons.svg,Delapouite,CC BY 3.0
Creatures/phoenix.svg,Eagle-emblem - Lorc - game-icons.svg,Lorc,CC BY 3.0
Creatures/phoenix_awakened.svg,Winged-emblem - Lorc - game-icons.svg,Lorc,CC BY 3.0
Creatures/slime.svg,Slime - Delapouite - game-icons.svg,Delapouite,CC BY 3.0
Creatures/goblin.svg,Goblin-head - Delapouite - game-icons.svg,Delapouite,CC BY 3.0
Creatures/wolf.svg,Wolf-head - Lorc - game-icons.svg,Lorc,CC BY 3.0
Creatures/bandit.svg,Bandit - Delapouite - game-icons.svg,Delapouite,CC BY 3.0
Creatures/troll.svg,Troll - game-icons.svg,Skoll,CC BY 3.0
Creatures/dragon.svg,Dragon-head - Lorc - game-icons.svg,Lorc,CC BY 3.0
Creatures/chain_master.svg,Cultist - Lorc - game-icons.svg,Lorc,CC BY 3.0
Icons/scroll.svg,Scroll-unfurled - Lorc - game-icons.svg,Lorc,CC BY 3.0
Icons/essence.svg,Magic-swirl - Lorc - game-icons.svg,Lorc,CC BY 3.0
Icons/fragments.svg,Crystal-cluster - Lorc - game-icons.svg,Lorc,CC BY 3.0
Icons/compendium.svg,Spell-book - Delapouite - game-icons.svg,Delapouite,CC BY 3.0
Icons/summon.svg,Portal - Lorc - game-icons.svg,Lorc,CC BY 3.0
Icons/campaign.svg,Crossed-swords - Lorc - game-icons.svg,Lorc,CC BY 3.0
Icons/storage.svg,Circle-cage - Lorc - game-icons.svg,Lorc,CC BY 3.0
Creatures/rock_golem.svg,Rock-golem - Delapouite - game-icons.svg,Delapouite,CC BY 3.0
Creatures/wyvern.svg,Wyvern - Lorc - game-icons.svg,Lorc,CC BY 3.0
Creatures/crowned_skull.svg,Crowned-skull - Lorc - game-icons.svg,Lorc,CC BY 3.0
Creatures/kraken.svg,Kraken-tentacle - Delapouite - game-icons.svg,Delapouite,CC BY 3.0
Creatures/golem_head.svg,Golem-head - Delapouite - game-icons.svg,Delapouite,CC BY 3.0
Icons/chest.svg,Locked-chest - game-icons.svg,Lorc,CC BY 3.0
Icons/team.svg,Meeple-group - Delapouite - game-icons.svg,Delapouite,CC BY 3.0
Icons/dungeon.svg,Dungeon-gate - Delapouite - game-icons.svg,Delapouite,CC BY 3.0
Icons/grimoire.svg,Book-aura - Lorc - game-icons.svg,Lorc,CC BY 3.0
Icons/grindstone.svg,Stone-block - Lorc - game-icons.svg,Lorc,CC BY 3.0
Icons/gem.svg,Cut-diamond - Lorc - game-icons.svg,Lorc,CC BY 3.0
Icons/search.svg,Magnifying-glass - Lorc - game-icons.svg,Lorc,CC BY 3.0
Icons/gold.svg,Two-coins - Delapouite - game-icons.svg,Delapouite,CC BY 3.0
Icons/mana.svg,Potion-ball - Lorc - game-icons.svg,Lorc,CC BY 3.0
Icons/shop.svg,Shop - Delapouite - game-icons.svg,Delapouite,CC BY 3.0
Creatures/slime_awakened.svg,Gooey-daemon - Lorc - game-icons.svg,Lorc,CC BY 3.0
Creatures/goblin_awakened.svg,Orc-head - Delapouite - game-icons.svg,Delapouite,CC BY 3.0
Creatures/wolf_awakened.svg,Werewolf - Lorc - game-icons.svg,Lorc,CC BY 3.0
Creatures/bandit_awakened.svg,Robber - Delapouite - game-icons.svg,Delapouite,CC BY 3.0
Creatures/troll_awakened.svg,Giant - Delapouite - game-icons.svg,Delapouite,CC BY 3.0
Creatures/dragon_awakened.svg,Dragon-spiral - Lorc - game-icons.svg,Lorc,CC BY 3.0
Icons/config.svg,Cog - Lorc - game-icons.svg,Lorc,CC BY 3.0
Icons/map.svg,World - Lorc - game-icons.svg,Lorc,CC BY 3.0
Icons/bag.svg,Knapsack - Lorc - game-icons.svg,Lorc,CC BY 3.0
Icons/back.svg,Return-arrow - Lorc - game-icons.svg,Lorc,CC BY 3.0
Icons/resolve.svg,Hourglass - Lorc - game-icons.svg,Lorc,CC BY 3.0
Icons/repeat.svg,Cycle - Lorc - game-icons.svg,Lorc,CC BY 3.0
Icons/auto.svg,Clockwork - Lorc - game-icons.svg,Lorc,CC BY 3.0
Icons/speed.svg,Speedometer - Delapouite - game-icons.svg,Delapouite,CC BY 3.0
Icons/effects.svg,Semi-closed-eye - Lorc - game-icons.svg,Lorc,CC BY 3.0
Icons/retreat.svg,Exit-door - Delapouite - game-icons.svg,Delapouite,CC BY 3.0
Icons/fight.svg,Sword-clash - Lorc - game-icons.svg,Lorc,CC BY 3.0
Icons/stats.svg,Strong - Lorc - game-icons.svg,Lorc,CC BY 3.0
Icons/skill.svg,Magic-palm - Lorc - game-icons.svg,Lorc,CC BY 3.0
Icons/awaken.svg,Third-eye - Lorc - game-icons.svg,Lorc,CC BY 3.0
Icons/level_max.svg,Level-end-flag - Delapouite - game-icons.svg,Delapouite,CC BY 3.0
Icons/evolve.svg,Stars-stack - Delapouite - game-icons.svg,Delapouite,CC BY 3.0
Icons/retrieve.svg,Padlock-open - Delapouite - game-icons.svg,Delapouite,CC BY 3.0
Icons/fuse.svg,Linked-rings - Lorc - game-icons.svg,Lorc,CC BY 3.0
Icons/release.svg,Dove - Lorc - game-icons.svg,Lorc,CC BY 3.0
Icons/select.svg,Checklist - Delapouite - game-icons.svg,Delapouite,CC BY 3.0
Icons/copies.svg,Two-shadows - Lorc - game-icons.svg,Lorc,CC BY 3.0
Icons/cancel.svg,Cancel - Sbed - game-icons.svg,Sbed,CC BY 3.0
Icons/confirm.svg,Check-mark - Delapouite - game-icons.svg,Delapouite,CC BY 3.0
Icons/lock.svg,Padlock - Lorc - game-icons.svg,Lorc,CC BY 3.0
Icons/avatar.svg,Wizard-face - Delapouite - game-icons.svg,Delapouite,CC BY 3.0
Icons/edit.svg,Quill-ink - Lorc - game-icons.svg,Lorc,CC BY 3.0
Icons/dismantle.svg,Shatter - Lorc - game-icons.svg,Lorc,CC BY 3.0
Icons/leader.svg,Crown - Lorc - game-icons.svg,Lorc,CC BY 3.0
Icons/region.svg,Castle - Delapouite - game-icons.svg,Delapouite,CC BY 3.0
Icons/tower.svg,Tower-flag - Delapouite - game-icons.svg,Delapouite,CC BY 3.0
Icons/collect.svg,Sparkles - Delapouite - game-icons.svg,Delapouite,CC BY 3.0
Effects/shield.svg,Vibrating-shield - Delapouite - game-icons.svg,Delapouite,CC BY 3.0
Effects/burn.svg,Small-fire - Lorc - game-icons.svg,Lorc,CC BY 3.0
Effects/stun.svg,Star-swirl - Lorc - game-icons.svg,Lorc,CC BY 3.0
Effects/taunt.svg,Target-arrows - Lorc - game-icons.svg,Lorc,CC BY 3.0
Effects/hidden.svg,Hood - Lorc - game-icons.svg,Lorc,CC BY 3.0
Effects/curse.svg,Cursed-star - Lorc - game-icons.svg,Lorc,CC BY 3.0
Effects/blind.svg,Blindfold - Delapouite - game-icons.svg,Delapouite,CC BY 3.0
Effects/aegis.svg,Magic-shield - Lorc - game-icons.svg,Lorc,CC BY 3.0
Effects/foresight.svg,Crystal-ball - Lorc - game-icons.svg,Lorc,CC BY 3.0
Effects/immunity.svg,Aura - Lorc - game-icons.svg,Lorc,CC BY 3.0
Effects/attackup.svg,Broadsword - Lorc - game-icons.svg,Lorc,CC BY 3.0
Effects/attackdown.svg,Sword-break - Lorc - game-icons.svg,Lorc,CC BY 3.0
Effects/defenseup.svg,Checked-shield - Lorc - game-icons.svg,Lorc,CC BY 3.0
Effects/speedup.svg,Wingfoot - Lorc - game-icons.svg,Lorc,CC BY 3.0
Icons/pause.svg,Pause-button - Guard13007 - game-icons.svg,Guard13007,CC BY 3.0
Icons/play.svg,Play-button - Guard13007 - game-icons.svg,Guard13007,CC BY 3.0
Effects/bomb.svg,Unlit-bomb - Lorc - game-icons.svg,Lorc,CC BY 3.0
Effects/defensebreak.svg,Cracked-shield - Lorc - game-icons.svg,Lorc,CC BY 3.0
Effects/poison.svg,Poison-gas - Lorc - game-icons.svg,Lorc,CC BY 3.0
Icons/star.svg,Round-star - Delapouite - game-icons.svg,Delapouite,CC BY 3.0
Creatures/wizard.svg,Pointy-hat - Lorc - game-icons.svg,Lorc,CC BY 3.0
Creatures/wizard_awakened.svg,Warlock-hood - Delapouite - game-icons.svg,Delapouite,CC BY 3.0
Creatures/paladin.svg,Templar-shield - Delapouite - game-icons.svg,Delapouite,CC BY 3.0
Creatures/paladin_awakened.svg,Winged-shield - Lorc - game-icons.svg,Lorc,CC BY 3.0
Creatures/druid.svg,Deer-head - Caro Asercion - game-icons.svg,Caro Asercion,CC BY 3.0
Creatures/druid_awakened.svg,Deku-tree - Delapouite - game-icons.svg,Delapouite,CC BY 3.0
Creatures/gargoyle.svg,Gargoyle - Delapouite - game-icons.svg,Delapouite,CC BY 3.0
Creatures/gargoyle_awakened.svg,Devil-mask - Delapouite - game-icons.svg,Delapouite,CC BY 3.0
Creatures/vampire.svg,Vampire-dracula - Delapouite - game-icons.svg,Delapouite,CC BY 3.0
Creatures/vampire_awakened.svg,Evil-bat - Lorc - game-icons.svg,Lorc,CC BY 3.0
Creatures/crow.svg,Raven - Lorc - game-icons.svg,Lorc,CC BY 3.0
Creatures/crow_awakened.svg,Crow-dive - Lorc - game-icons.svg,Lorc,CC BY 3.0
Creatures/bird.svg,Sparrow - Lorc - game-icons.svg,Lorc,CC BY 3.0
Creatures/bird_awakened.svg,Eagle-head - Delapouite - game-icons.svg,Delapouite,CC BY 3.0
Creatures/pixie.svg,Fairy - Delapouite - game-icons.svg,Delapouite,CC BY 3.0
Creatures/pixie_awakened.svg,Woman-elf-face - Delapouite - game-icons.svg,Delapouite,CC BY 3.0
Icons/unlock.svg,Padlock-open - Delapouite - game-icons.svg,Delapouite,CC BY 3.0
